Sourcebusa,Sourcebusb,Sourcebusc,799a,799b,799c,701a,701b,701c,702a,702b,702c,705a,705b,705c,713a,713b,713c,703a,703b,703c,727a,727b,727c,730a,730b,730c,704a,704b,704c,714a,714b,714c,720a,720b,720c,742a,742b,742c,712a,712b,712c,706a,706b,706c,725a,725b,725c,707a,707b,707c,724a,724b,724c,722a,722b,722c,708a,708b,708c,733a,733b,733c,732a,732b,732c,709a,709b,709c,731a,731b,731c,710a,710b,710c,735a,735b,735c,736a,736b,736c,711a,711b,711c,741a,741b,741c,740a,740b,740c,718a,718b,718c,744a,744b,744c,734a,734b,734c,737a,737b,737c,738a,738b,738c,728a,728b,728c,729a,729b,729c,799ra,799rb,799rc,time
0.999997450032252,0.9999985278995083,0.9999986511466987,0.9832536853526053,0.9903536898490917,0.991265655438058,0.9921861445142782,1.0009679515230372,1.000927981638786,0.9906450861062779,1.000068196511767,0.9996634807716599,0.9906071481427258,0.9998292541510712,0.999454214854147,0.9902343180509395,0.9998088926925983,0.9991782520674256,0.9893239639615887,0.9993334170393556,0.9989695589703597,0.9890294464250312,0.9991359058197453,0.9987864910845892,0.9884654705933087,0.9989291498794515,0.9984900261888794,0.9898552398512795,0.9994340940160649,0.9986648640695528,0.9898248847063669,0.9994050749600645,0.9986628963676912,0.9894234603324451,0.9990352437039159,0.9978840405592473,0.990589080315152,0.9996379110482799,0.9993006952947585,0.9905978109312504,0.9998292831493284,0.9994436673003793,0.9894190990217103,0.9989414565705568,0.9977856298742701,0.9894167807851197,0.9988549197613257,0.9977139342694867,0.9892882670673793,0.9984117041473987,0.997232785907518,0.989287724056838,0.9983805715816582,0.9972070960117179,0.9892706023414106,0.9983351836819938,0.9971517754096514,0.9879286236290765,0.9985905557091513,0.9982684544603566,0.9876338644350294,0.9983866020766214,0.9981689751751905,0.987874689153327,0.9985906071985228,0.9982057471244583,0.9882588706031016,0.9987943096425923,0.99839985301638,0.9882578752367288,0.9987714609249487,0.9983752589232923,0.9871655210524344,0.9980641136742612,0.9979386814877476,0.9871581346507667,0.9980641337766237,0.9979303310032809,0.9871638583424945,0.9979714957268677,0.9978621672879919,0.9864491451081948,0.9977078213922438,0.9976947777522839,0.9863833838956277,0.9977079117071472,0.9976358256337383,0.9864235567087456,0.997707841487454,0.9976658453899417,0.9896486430611131,0.9992560806701272,0.9986681949804752,0.9888890501191452,0.9989981913693733,0.9987225245929984,0.9871848373705591,0.9981011651847896,0.9979908539847627,0.9867336629343253,0.9977970910753061,0.9978662044805533,0.9865482750975993,0.9977074777422074,0.9977828969171755,0.9887996781945343,0.9989125243537449,0.9986369780155024,0.9888026022673989,0.9989269429317743,0.9987250116011211,0.995531775500864,1.0027255458499422,1.0036468281237296,2.0
0.9999974461562787,0.999998529390514,0.9999986511330271,0.9832281667813193,0.9903634377666851,0.9912659789615866,0.9921566893634362,1.0009795954725371,1.0009261089027006,0.9906199404962157,1.000080745845434,0.9996607517188201,0.9905811762797099,0.9998405444490636,0.9994490972561649,0.9902111453602035,0.9998201886507359,0.9991759642863285,0.9893017913306883,0.9993493808720968,0.9989678100756771,0.9890090052224401,0.9991528688321144,0.9987864278709455,0.9884439920999164,0.998946871891058,0.9984868668212202,0.9898328124555409,0.999443579740233,0.9986613715964684,0.9898024665724853,0.9994146488040829,0.9986594736722586,0.9894021223750353,0.9990414926424351,0.997878248727092,0.9905632604379211,0.9996481941927143,0.9992945854525226,0.9905712293404465,0.9998405734476493,0.9994378608624107,0.989397788292619,0.9989482426711268,0.9977804025085742,0.9893954835894108,0.9988622001637859,0.9977091163919534,0.9892684518699386,0.9984089984996659,0.9972215713030906,0.9892678848150972,0.9983769839177363,0.9971951505775613,0.9892509895484121,0.9983314494150558,0.9971399692334131,0.9879096349375001,0.9986097519914274,0.9982656757318469,0.987616379863488,0.9984066865250877,0.9981663858947812,0.9878557416097017,0.998609803481789,0.9982030155079696,0.9882383507495138,0.9988126176229964,0.9983968604917911,0.9882373602963848,0.9987898610476892,0.9983723659126109,0.9871489359948579,0.9980833667520175,0.997935905813079,0.9871415208937486,0.9980833868547667,0.997927522806839,0.9871472309279793,0.9979891944452506,0.9978581025435102,0.9864306190403932,0.997727771140782,0.9976907404247739,0.9863644771146227,0.9977278614574863,0.9976314471721928,0.9864048765396691,0.9977277912363931,0.9976616335347221,0.9896264488512182,0.9992658422227682,0.9986647660052153,0.9888693185144533,0.9990158195580016,0.998723057627924,0.987168344152319,0.9981210497216918,0.9979886865849322,0.9867163992310084,0.9978171416341624,0.9978631992292506,0.9865303324272575,0.9977274274838925,0.9977793782795542,0.9887807384746636,0.9989309108936808,0.9986382680263689,0.9887830836028565,0.9989447460453874,0.9987255387498853,0.9955059252385285,1.0027354232329988,1.0036471483475813,3.0
0.9999974529809166,0.9999985129443734,0.9999986507704101,0.9832741452984526,0.9902556819683246,0.9912625395354403,0.9922036052859444,1.000853880748493,1.0009271784766869,0.9906619322554071,0.9999436402278652,0.9996610007258908,0.9906239144325805,0.9997041131884752,0.9994508034167994,0.9902490071901394,0.9996785205260997,0.9991752180214031,0.9893419921929393,0.9992042419151218,0.9989676869247551,0.9890497468781291,0.9990075937589065,0.9987871328146575,0.9884798254233523,0.9987941356204114,0.9984860822704359,0.989865210298113,0.999295320942968,0.9986596299575973,0.9898332597152351,0.9992650642115691,0.9986578034619031,0.9894341392359557,0.9988914844682621,0.9978743785015594,0.9906059854566905,0.9995123024154563,0.9992967674164447,0.9906144251649743,0.9997041421831087,0.9994400844229899,0.989429758031117,0.9987973268218403,0.9977755742840194,0.9894274299279235,0.9987104475298217,0.997703593312316,0.9893019162116063,0.9982577479480419,0.9972183177517595,0.9893013476815472,0.9982256866181316,0.9971918577852491,0.9892846429015273,0.9981800442306801,0.9971368023958849,0.9879409023810126,0.9984511227363325,0.9982643495938317,0.9876449839512764,0.9982446968855735,0.9981651322704865,0.9878868077299594,0.9984511742185187,0.9982014582824141,0.9882724137932497,0.9986573490741746,0.9983955810752062,0.9882713546062605,0.998633297439454,0.9983696894393884,0.9871712645257082,0.9979147351187653,0.9979318287280512,0.987163141400678,0.9979147552181178,0.9979226456882321,0.9871694894112877,0.997818022001877,0.9978519161913352,0.9864470049024454,0.9975522327120604,0.9976898202647112,0.986380684203494,0.997552323012889,0.997630363648291,0.9864213606530013,0.9975522528041368,0.9976608255371241,0.9896465471596411,0.9991072275196107,0.9986634059234809,0.9889099587057236,0.998870443489381,0.9987237590796008,0.9871925419993146,0.9979534504096121,0.9979875465116549,0.9867349721582254,0.9976437765988816,0.997862269451117,0.9865467668753676,0.9975518891155788,0.9977785081979761,0.9888213682831622,0.9987855261473947,0.998638962144077,0.9888238477480926,0.9987994753572761,0.9987262361704957,0.9955524757760534,1.0026262506853891,1.0036436823048391,4.0
0.9999974600101587,0.9999985153902937,0.999998656179693,0.9833202067109751,0.9902714756174207,0.9912972542075422,0.9922584069283872,1.0008736954890585,1.0009714778528855,0.9907181869428169,0.9999668075873979,0.9997062265001984,0.9906808589257681,0.9997270608036352,0.9994969969939895,0.9903061892254705,0.9997034316413346,0.9992203289883729,0.9893983421887959,0.9992291855527284,0.9990135122610803,0.9891071898852835,0.9990337440214461,0.998832414725392,0.988535380884578,0.9988190475804787,0.9985330181178687,0.9899223346581667,0.999322750960364,0.9987033518599754,0.98989097992566,0.9992930180604247,0.9987015251322732,0.989488192168721,0.998919516270018,0.9979160176170414,0.9906627671630641,0.9995350742181222,0.9993429280051203,0.9906719056162823,0.9997270897989324,0.9994868834566726,0.9894838195943157,0.9988255319980615,0.9978173949334391,0.989481495774224,0.9987388118289859,0.9977455458628665,0.9893569438008226,0.9982866183937691,0.9972617315607257,0.989356291317923,0.9982514794201172,0.9972327215175103,0.9893398108574225,0.9982095099929525,0.9971808503136146,0.9879944785112892,0.9984756893553136,0.9983107900708157,0.9876974596165092,0.9982689287150962,0.99821124796235,0.9879401960286992,0.9984757408387678,0.9982476808973508,0.9883272144323129,0.9986822505539612,0.9984424581906542,0.9883261867117387,0.9986587954598666,0.9984172092314259,0.9872211605458043,0.9979388140388713,0.9979772494253828,0.9872128298797893,0.9979388341387104,0.9979678318312182,0.98721942393593,0.997843512591845,0.9978985074901954,0.9864944414181718,0.9975743514056695,0.9977339891706035,0.9864280080508117,0.9975744417085064,0.9976744298744816,0.9864685349792596,0.9975743714981925,0.9977046981594613,0.9897081854846692,0.999138495515215,0.9987070132883021,0.9889682618958462,0.9988974903232775,0.998768955318515,0.9872429619605483,0.9979769558139985,0.9980331014335604,0.9867835136274099,0.9976660936687808,0.9979072371699254,0.9865946603325567,0.9975740078015471,0.9978230814798921,0.9888796212514009,0.9988125247229721,0.9986841106154407,0.9888828073880903,0.9988270655410828,0.9987714137177272,0.9955991434274276,1.0026422586370924,1.003678864033787,5.0
0.9999974760243889,0.9999985253744065,0.9999986682409687,0.9834248976647904,0.9903363656721847,0.9913747348391718,0.9923848788299902,1.00095219914766,1.0010700836935469,0.9908510351625633,1.000052919513234,0.9998105757277466,0.9908155294191523,0.9998138200217794,0.9996039038017995,0.990437540446292,0.9997895733270025,0.9993250626714856,0.9895403315466126,0.999325884722102,0.9991227718314947,0.9892500402157357,0.9991313948583426,0.9989424430542713,0.9886861901889382,0.9989247073559069,0.9986456057125196,0.9900530137076902,0.9994089353425751,0.9988099449758064,0.9900212937311313,0.9993790020759549,0.9988082226089313,0.9896196511719615,0.9990071661898888,0.9980247721430523,0.9907974657621806,0.9996223512287702,0.9994502658663036,0.9908076483637466,0.9998138490195916,0.9995950015167832,0.9896152220659774,0.9989120653572674,0.9979249762500657,0.989612870134133,0.9988243178086377,0.9978522759550047,0.9894891861902891,0.9983809638767207,0.9973767281666102,0.9894885622714666,0.9983468718313907,0.9973485856261759,0.9894721508913671,0.9983045634167281,0.9972965239020336,0.9881523899755718,0.9985883767530954,0.9984250253470336,0.9878597238211072,0.9983856566822338,0.9983261888299922,0.9880981107000059,0.9985884282423568,0.9983619212042811,0.9884807704115597,0.9987908969868263,0.9985559851731937,0.9884798157229201,0.9987688245024082,0.9985322261276904,0.9873950626301503,0.998063914758034,0.9980981532860369,0.9873881066389864,0.9980639348603932,0.998090289819252,0.9873933836968167,0.9979707200565697,0.9980211598628935,0.9866679081089376,0.9977063047823665,0.9978459761460381,0.9866008018913824,0.9977063950971317,0.9977858105066465,0.986641617539388,0.9977063248775467,0.9978162515331703,0.9898362241872964,0.9992225586365473,0.9988137766683559,0.989111782867265,0.9989957697737696,0.9988795894816799,0.9874132663101465,0.9981012005796496,0.9981492541234814,0.9869596681222332,0.9977983927883985,0.998021302183637,0.9867693042153808,0.9977059611328555,0.9979361160806619,0.9890239436379198,0.9989115722990936,0.9987955124157661,0.9890262473936242,0.9989252835126071,0.998882049809047,0.9957052202726128,1.0027080152489651,1.0037573856808717,6.0
0.9999974786020452,0.9999985231520986,0.9999986698620592,0.9834420405793659,0.9903217318893666,0.9913850230760646,0.9924038461232693,1.0009355903691728,1.0010836734726571,0.9908670626512163,1.0000346416563732,0.9998218470675523,0.9908302121284255,0.9997967799513534,0.9996145882678462,0.9904506684524366,0.9997695323774612,0.9993345753874598,0.9895589232955331,0.9993076214099058,0.9991336844355319,0.9892688423306042,0.9991134757209182,0.9989535808178615,0.9887068256178806,0.998905552736293,0.9986561843632246,0.9900642708798175,0.999386347583118,0.9988189471411272,0.9900319868162036,0.9993560367693519,0.9988173269718785,0.9896308397429543,0.9989831652572305,0.9980322856303354,0.9908122114377773,0.9996063013449623,0.9994617667493789,0.9908214769882695,0.9997968089486754,0.9996047213684348,0.9896263900112386,0.9988876613649479,0.9979320654442368,0.9896240278324346,0.9987995427373161,0.9978590572516658,0.9894993512325856,0.9983549752856614,0.9973814938013554,0.9894987736026519,0.9983225816927976,0.9973547584450232,0.989482175131102,0.998278047417409,0.997300708980223,0.9881731598747359,0.998569164319161,0.998434618760339,0.9878805817180271,0.9983666835852463,0.998335464060298,0.9881188941642544,0.9985692158074277,0.9983715310924245,0.9885014430374071,0.9987714451743586,0.9985658884904687,0.9885004174804318,0.9987480321842858,0.998540684495991,0.9874161242614702,0.9980456360393261,0.9981060738205402,0.9874089876197308,0.9980456561413148,0.9980980062296743,0.9874144259263408,0.9979517343530548,0.998028493919879,0.9866904377022462,0.9976893055166046,0.9978546318811718,0.9866231553536637,0.9976893958298214,0.9977943074491187,0.986664289200569,0.9976893256114407,0.9978250682044462,0.9898431063344404,0.9991963740365998,0.998822991734307,0.9891308279715733,0.9989780736719746,0.998890982692573,0.9874348055060415,0.9980832090895295,0.9981579436411704,0.9869824735450476,0.9977817022200971,0.9980299326383311,0.9867918230733518,0.9976889618729854,0.9979447669279125,0.9890433241476847,0.9988941977187811,0.9988072269954706,0.9890451877535682,0.9989075022290154,0.9988934458471039,0.9957225828756094,1.0026931912864767,1.0037678141335398,7.0
0.9999974803402166,0.9999985181397013,0.999998669085207,0.983453793694578,0.9902889310289682,0.9913796358752759,0.9924155841673189,1.0008971069689272,1.001078756217223,0.9908776992963552,0.999994290412759,0.9998163963649823,0.9908412380721859,0.9997567402472539,0.9996097767497362,0.9904597317945534,0.9997296835505889,0.9993272759727185,0.9895710859499369,0.9992635697329116,0.9991297078933219,0.9892816969802368,0.9990701862636251,0.9989505910993125,0.9887182949112244,0.9988568937885097,0.9986527896658175,0.9900733180473515,0.9993472245553413,0.998810953012977,0.9900412513511971,0.9993171418802164,0.9988093642718608,0.9896387699242104,0.9989437788550619,0.998023041052107,0.9908232678379344,0.9995665108716075,0.9994571490441774,0.9908327136641197,0.9997567692434158,0.9996001479880562,0.989634292049172,0.9988477232898489,0.9979222404927952,0.9896319158876209,0.9987590967646706,0.9978488113028889,0.9895064877160569,0.9983166535237655,0.9973721953884815,0.9895059714977951,0.9982865125771425,0.9973473265193243,0.9894891983994178,0.998239508835239,0.9972911087853942,0.9881829725936461,0.9985170452252331,0.9984313531195615,0.9878885142872431,0.9983126401949727,0.9983317135133983,0.9881300243345721,0.9985170967108105,0.9983697979856084,0.9885122642971195,0.9987212505299952,0.9985623226200007,0.9885111858848395,0.9986968389969032,0.9985360420188827,0.9874210393492231,0.9979876028456945,0.9981007703485657,0.9874139196119874,0.9979876229465121,0.9980927219725204,0.9874192807864944,0.9978915039161701,0.9980213674967232,0.9866922140710611,0.9976281912620703,0.9978507812842328,0.9866242752713905,0.9976282815697541,0.9977898671527149,0.986666713397562,0.9976282113556735,0.9978219503809715,0.9898531685616334,0.9991581564730192,0.9988150054385015,0.9891442207655665,0.9989352635237171,0.9988886876715506,0.9874397011012355,0.9980260685764674,0.9981533308285016,0.9869848135054015,0.9977215800566052,0.9980257200553665,0.9867934045337653,0.9976278476395041,0.9979407604577624,0.9890576203609844,0.9988522537454062,0.9988057974072672,0.9890582503651223,0.9988644209722745,0.9988911599697511,0.9957344810424275,1.0026599581347235,1.0037623613894604,8.0
0.9999974764405497,0.9999985141218714,0.9999986713645252,0.983428615529845,0.9902622984416666,0.9913949427460468,0.992383747055349,1.0008674755945555,1.001094829075041,0.990843334801144,0.9999656036295036,0.9998319181699686,0.9908080886262962,0.9997291246295376,0.9996274273971126,0.9904251462879513,0.9997011671596051,0.999342223087759,0.9895324698444953,0.9992351708350763,0.9991435461598407,0.989242855178147,0.9990417874222829,0.9989649021270444,0.9886763055731278,0.9988291197879271,0.9986637861753035,0.990040093446344,0.9993189543520636,0.998826544755562,0.990008147008044,0.9992889564978512,0.9988249377210778,0.9896070380833198,0.9989153326838983,0.9980397517851209,0.9907901927087642,0.9995397521545201,0.9994754889236702,0.9908002375060372,0.9997291536248993,0.9996185589596011,0.9896025381551043,0.9988188469886768,0.9979384982923081,0.9896001510468188,0.9987298249432098,0.9978647397615836,0.9894758502870752,0.9982891089479248,0.9973908521776089,0.9894753978474112,0.9982613080425328,0.9973679217474888,0.9894586936404978,0.9982117123731098,0.9973097133391894,0.9881369098044943,0.9984897575311503,0.9984388277983709,0.9878396736089413,0.9982856305073446,0.9983367560699379,0.9880843696768475,0.9984898090153229,0.9983777460788222,0.988468709399773,0.9986936848368427,0.9985719873441099,0.9884676363940357,0.9986693769932121,0.9985458182737933,0.9873630247446898,0.9979610053841906,0.9980975782247055,0.9873544226832542,0.9979610254844743,0.9980878541057019,0.9873612946482901,0.997865953151816,0.9980190420038398,0.9866312589185695,0.9976011510836422,0.9978456310426334,0.9865629568028574,0.9976012413888842,0.9977843909206295,0.9866046026171752,0.9976011711767026,0.9978154930060622,0.9898208776427537,0.9991306600408706,0.9988305553123139,0.9891053784804948,0.9989068159157883,0.9989034158131267,0.9873855290618797,0.9979990459013895,0.9981541435358332,0.9869273682629615,0.9976942771300463,0.9980238965282098,0.9867343310065995,0.9976008074703677,0.9979372669201885,0.9890192983863942,0.9988243055880865,0.998821023804567,0.989018407771103,0.9988351478361148,0.9989059164626013,0.9957089644141454,1.0026329822771234,1.0037778633927237,9.0
0.9999974689695164,0.9999985093302577,0.9999986709752607,0.9833799651106984,0.9902307763583881,0.9913931071221509,0.9923242029899888,1.0008314416701778,1.001088950152205,0.9907805911472078,0.9999272932925681,0.9998228922454098,0.9907461939220004,0.9996918810227543,0.9996202822000321,0.9903589523267047,0.9996616806331462,0.9993286781830681,0.989471274261526,0.9991945191256173,0.9991359070853898,0.9891809120735369,0.9990007409730426,0.9989571944276077,0.9886168164823864,0.9987868851025311,0.9986579361204412,0.9899713795504416,0.999277769126224,0.9988086329650429,0.9899395020129969,0.9992478275766435,0.9988070223876869,0.9895341020090546,0.9988711783359735,0.998015150210377,0.9907283003688789,0.9995033618920596,0.9994690839939507,0.9907388504001159,0.9996919100170397,0.9996119869268656,0.9895295772129106,0.9987742025179637,0.997913381642447,0.9895271777609032,0.99868473009405,0.9978392486729146,0.9894035560376382,0.9982397090355448,0.9973627786169494,0.9894030796216383,0.9982110308479392,0.9973391208878049,0.9893864868955199,0.9981617668414753,0.997281301950185,0.988077010938405,0.9984462745124522,0.9984330045107114,0.98777936082592,0.9982414268400649,0.9983308530247026,0.9880247194704562,0.9984463259943864,0.9983722108466908,0.9884090601561493,0.9986509225112853,0.9985660963627343,0.988407974843493,0.9986263831094964,0.9985396775136555,0.9873017496787606,0.9979155681040515,0.9980901191127537,0.9872928424639719,0.9979155882034203,0.9980800498887141,0.9872999799552726,0.9978190719577552,0.9980103835998514,0.9865723373023813,0.9975567141398252,0.997840510362948,0.9865037189875339,0.9975568044410498,0.997778986173346,0.986546163590199,0.9975567342319913,0.9978109174500749,0.9897528202321974,0.999090027535741,0.9988126231389272,0.98904315457548,0.9988654619415701,0.9988958540815333,0.9873250635394871,0.9979541952486214,0.9981480689421488,0.9868670560580522,0.9976490536401971,0.9980182745493823,0.9866750917486754,0.997556370541837,0.997931875641406,0.9889572376755255,0.9987831086695537,0.9988136183892132,0.9889557669678355,0.9987934481757551,0.9988983666945211,0.9956596675115893,1.002601049300279,1.0037759919758587,10.0
0.9999974823646968,0.9999985097332815,0.9999986755239866,0.9834680070163608,0.9902333136084066,0.9914213821818493,0.992427735919028,1.0008349725560428,1.0011294035630327,0.9908865754998477,0.9999337075412994,0.9998624238832652,0.9908515490874004,0.999702476276552,0.9996627810946255,0.9904636197906775,0.9996665738970321,0.999364754430774,0.989584128390812,0.9992042556824682,0.9991766559420551,0.9892947854937927,0.9990113212154577,0.9989984460529507,0.9887350331602496,0.9987979689753572,0.9986996235468905,0.9900755800347611,0.9992804657781357,0.998840971939031,0.9900438742128653,0.9992506814901646,0.9988393658487442,0.9896367258034101,0.9988695210476557,0.9980417263980612,0.9908336443053909,0.9995173017660163,0.9995145115772593,0.9908438364631722,0.9997025052711535,0.9996540692137149,0.9896321704312703,0.9987719463255127,0.9979393276003086,0.9896297557721354,0.9986819218555683,0.9978647381935035,0.989505455245542,0.9982299856867609,0.9973821041010322,0.9895049887262745,0.9982016707708914,0.997358747759166,0.9894882900257089,0.9981509341385396,0.9972996343696267,0.9881967596019953,0.9984592665511273,0.9984735383140204,0.987899452162021,0.9982558779552738,0.9983704297957431,0.988145396868877,0.9984593180337278,0.9984138268322215,0.9885278510371163,0.9986624553226052,0.9986070328067703,0.9885266922332446,0.9986365264313968,0.9985791159611308,0.9874218905978587,0.9979321340287425,0.9981279647315934,0.9874129427524962,0.9979321541284439,0.9981178499651941,0.9874201237531984,0.9978357440886554,0.9980483187187668,0.9866894157830851,0.9975760474720917,0.9978731595048722,0.9866207136901991,0.9975761377750558,0.997811558861052,0.9866620689191334,0.997576067564646,0.9978422414021316,0.9898581031859367,0.9990936563693928,0.9988449392674738,0.9891576240167488,0.9988766311962258,0.998937371805183,0.9874453088568297,0.9979707180168442,0.9981859965772426,0.986986935035674,0.9976679163110169,0.9980537994365021,0.986793794486258,0.9975757038674833,0.9979659502610028,0.9890720795379051,0.9987946348302337,0.9988554937388889,0.9890703822297212,0.9988047422727125,0.998939879810202,0.9957488623499666,1.0026036226419692,1.0038046619729661,11.0
0.9999974977767663,0.9999985150698105,0.9999986868572887,0.9835690977410891,0.9902677199897716,0.9914941058984686,0.9925479557160927,1.0008779036196345,1.001222490467012,0.9910088880859711,0.9999845429854365,0.9999588069553246,0.9909745539958493,0.9997540675826317,0.9997607750313464,0.9905838639953354,0.9997197196193219,0.9994598009621143,0.9897132927120112,0.9992621023154908,0.9992774443496072,0.9894249351792798,0.9990694358054641,0.9991007545696351,0.9888697593882284,0.9988624586615774,0.998802471098526,0.9901954542032101,0.9993369484842991,0.9989363799006813,0.9901641609970676,0.9993075775391711,0.998934817089766,0.9897539593974641,0.9989286163137873,0.9981374505019717,0.9909565764871252,0.9995694977104546,0.999613086240814,0.9909673112879661,0.999754096578727,0.9997525940586162,0.9897493997157769,0.9988309626986278,0.998034967502894,0.9897469829032495,0.9987408649446459,0.9979603172444258,0.9896232385211506,0.9982952377671005,0.9974833711126586,0.9896227582479309,0.9982664191706965,0.9974595973655527,0.9896061471483961,0.9982170687288697,0.9974016900554386,0.988333313291789,0.9985289867611582,0.9985750071439614,0.9880367182352364,0.9983286142144673,0.9984704709109105,0.9882825563596587,0.9985290382473512,0.9985160012564441,0.9886632909127153,0.9987291592289903,0.9987095680910549,0.9886621841737159,0.9987042170752176,0.998682714315406,0.9875591424602539,0.9980097239288606,0.9982264978140769,0.9875502173507371,0.9980097440301257,0.9982164089545356,0.9875574443200404,0.9979158485022505,0.9981489378682861,0.9868208993640961,0.997657878065445,0.9979611051318463,0.9867521462706261,0.9976579683758084,0.9978994559966091,0.9867913248565618,0.9976578981596473,0.9979276691885054,0.9899809368293222,0.9991527091442183,0.9989403159067013,0.9892879582469121,0.9989348938387969,0.9990400952534843,0.9875824736120257,0.9980472863318273,0.9982836147223776,0.9871229146414251,0.9977482251575973,0.9981470462675084,0.9869282549962767,0.9976575344326838,0.9980565074106352,0.9892029448419993,0.9988534067155271,0.9989587263385238,0.9892001552990233,0.9988625477634326,0.9990426186780262,0.9958512833632821,1.0026384947434928,1.0038783649804475,12.0
0.9999975162635183,0.9999985184728567,0.9999986945232251,0.9836903669337073,0.9902897753528702,0.9915424108771372,0.9926916689528187,1.0009048373553666,1.0012889287436137,0.9911590042582249,1.00001708778161,1.000032072553599,0.9911243418596438,0.9997885327033358,0.9998351545581776,0.9907360244926742,0.9997533850501366,0.9995360933633385,0.9898685798575996,0.9992998917073568,0.999353532271113,0.9895835317944692,0.9991099495246037,0.9991793841679433,0.9890257866651696,0.9989013873493578,0.9988776825497899,0.9903479496958337,0.9993722324089906,0.999014750076648,0.9903166352362269,0.9993429388398344,0.99901326961147,0.989907066331437,0.9989660237778126,0.9982184894268396,0.9911064467845799,0.9996054990150685,0.9996887459688871,0.9911168403235079,0.9997885617004313,0.9998266815859939,0.9899025146766245,0.998868538207041,0.9981161810290272,0.9899001018367388,0.9987785935781469,0.9980416583974343,0.9897770973756239,0.9983369409343716,0.997568696817168,0.9897766006534681,0.9983075201611877,0.9975444243438717,0.9897601066477378,0.9982594272309205,0.9974876535065114,0.9884889634446393,0.9985693134225488,0.9986489887805624,0.9881921583210448,0.9983699590990943,0.9985438781973954,0.9884381845533156,0.998569364910815,0.9985899599772785,0.9888191648207866,0.9987684676127954,0.9987841360970989,0.9888180172905756,0.9987427551771063,0.9987564515864308,0.9877129220621459,0.9980533622553727,0.9982984982887496,0.9877036120278888,0.9980533823575155,0.9982879747590107,0.9877112814090925,0.9979615917065863,0.9982226853525585,0.986972655690081,0.997701727429049,0.9980299105851358,0.9869033398439693,0.9977018177433712,0.997967754007937,0.9869426623784157,0.997701747524133,0.9979960025294377,0.9901334647207451,0.9991881218053577,0.9990187659511465,0.989448482241467,0.9989772492586667,0.9991201025005431,0.9877372305867171,0.9980900695108731,0.9983560355213053,0.9872769400683296,0.9977921174121452,0.9982178266919249,0.9870811234694645,0.9977013837812239,0.9981263010493427,0.9893653177572816,0.9988975340746861,0.9990405043728592,0.9893614899539499,0.9989055777490139,0.999122602455485,0.9959741454004317,1.0026608458396384,1.003927335588571,13.0
0.9999975192397524,0.9999985148284315,0.9999986924236822,0.9837101299428824,0.9902660344202212,0.9915282417026626,0.992713654919998,1.0008762392614348,1.0012743219479368,0.991180964521884,0.9999869296441887,1.0000160935469316,0.9911459746477873,0.9997572751077026,0.999818267502532,0.9907584846727792,0.9997242549224944,0.9995209459840126,0.9898900147681969,0.9992667903989668,0.9993350472602237,0.9896046771747311,0.9990761610838714,0.9991605942866219,0.9890467206256219,0.9988658605128407,0.9988576951113803,0.9903723009877596,0.9993445871339168,0.9990018259117045,0.9903411314886853,0.999315501161464,0.9990004147746849,0.9899335914417199,0.9989394634712816,0.9982085549839407,0.9911278998796471,0.999573361882559,0.9996712253261653,0.9911384113932129,0.9997573041038914,0.9998097249772339,0.9899290287167164,0.9988417627120483,0.9981060198483033,0.9899266103738433,0.998751619539224,0.9980313331279848,0.9898037048553201,0.9983134832812613,0.9975613285942657,0.9898031786001484,0.9982829809263674,0.9975361600658902,0.9897867295290056,0.9982365450138692,0.9974807613815967,0.9885092248897739,0.9985324579328088,0.9986282869099299,0.9882124263014689,0.9983325835414897,0.9985234215352592,0.9884578337089184,0.9985325094191678,0.9985685476622609,0.9888398243819067,0.9987321322274337,0.9987635531554736,0.988838600147914,0.9987049693648482,0.9987343050840571,0.9877347680695108,0.9980145362137705,0.9982800877867904,0.9877261167051459,0.998014556315128,0.9982703089541264,0.987733100820184,0.9979217950584165,0.9982034703349533,0.9869889166559966,0.9976624167584907,0.9980072551001029,0.9869192526168846,0.9976625070692436,0.997944786375335,0.986958547569016,0.99766243685278,0.997972922925568,0.9901594037894133,0.9991619061759954,0.9990058687158081,0.989469139853563,0.9989430162601923,0.9991007923478884,0.9877573748138367,0.9980516378080186,0.998336015671362,0.9872948072800447,0.9977527249875612,0.9981966638001535,0.9870982258681904,0.997662073124246,0.9981043895604264,0.9893852942351898,0.9988626477783393,0.9990205425142845,0.9893822656911581,0.9988714433009809,0.9991032887641035,0.9959941615459608,1.0026367884542313,1.0039129874883652,14.0
0.9999975052145971,0.999998515786686,0.999998685391249,0.9836179588292112,0.9902725150395484,0.9914836291413542,0.9926062000061551,1.0008822925263328,1.0012143604312573,0.9910782856517252,0.9999969038979034,0.9999552391776092,0.9910444879174151,0.9997660478687549,0.9997579072745754,0.9906571134460084,0.9997351864340527,0.9994606968343641,0.9897903108183712,0.9992811943861802,0.9992720301196925,0.9895052634913064,0.9990913547859759,0.9990970988087918,0.9889507506281348,0.9988825860895877,0.9987931323169743,0.9902725801185308,0.9993569014326432,0.9989422416999515,0.9902417504682958,0.9993282140276778,0.998940918530062,0.9898346939348138,0.9989515367246755,0.9981494602181944,0.9910263298683751,0.9995811734860981,0.9996100897911376,0.9910377024141823,0.9997660768651994,0.9997502428827356,0.9898301477503136,0.9988541501582718,0.9980472576445705,0.9898277376306656,0.9987642972880111,0.9979728117805674,0.989703563992658,0.9983240701905258,0.9974996439967888,0.989702960791202,0.9982907452979007,0.9974721368081002,0.9896864386663804,0.9982473837284702,0.9974191082630922,0.9884176752763616,0.9985517018720639,0.9985639429545266,0.9881236070423102,0.9983535719455313,0.9984594219540847,0.988366285137691,0.9985517533594046,0.9985042031256436,0.988745544293472,0.9987496314610218,0.9986988645711956,0.9887442700273876,0.9987215178740315,0.9986685927200719,0.9876488658490673,0.9980372663462149,0.998214400886501,0.9876396707018331,0.9980372864480248,0.9982040071982562,0.9876471409909425,0.9979424057625957,0.9981360265365568,0.9869130983722024,0.9976910029108575,0.9979470122181859,0.9868435326879592,0.9976910932241697,0.9978846350894747,0.9868834664793128,0.9976910230057173,0.9979135127109681,0.9900624009873789,0.9991766226272277,0.9989463040924292,0.9893702917490329,0.9989587723971861,0.9990374583883438,0.9876729099133054,0.9980752289612487,0.9982726412182636,0.987215431415931,0.9977798282445581,0.9981346163812085,0.9870213415766367,0.9976906592668761,0.9980432069619587,0.9892866845865096,0.9988786317846943,0.9989574352440972,0.9892842506472905,0.9988878814075249,0.9990399317771285,0.9959007869659648,1.0026433470565745,1.0038677643535427,15.0
0.9999974970563861,0.9999985115317866,0.9999986805504482,0.9835646988441141,0.9902447456420014,0.9914526398993895,0.9925421231257848,1.0008490086807371,1.001174054332255,0.9910188813606664,0.9999625330605998,0.9999133880865803,0.990986334171124,0.9997306543413597,0.9997171535793535,0.9905998345825914,0.9996990708789454,0.9994185940585928,0.9897313835907879,0.9992480853252126,0.9992289520711726,0.9894450859969763,0.9990574860359561,0.9990527892993225,0.9888945670562723,0.9988514913258695,0.9987505111538932,0.9902190161595075,0.9993182660733027,0.998900340050879,0.9901882680146489,0.9992897072418542,0.9988990664806692,0.9897864289223707,0.9989082921534943,0.9981075570961059,0.9909679291328686,0.999544961823832,0.9995688054287543,0.9909804842356907,0.9997306833367802,0.9997105457674468,0.9897818289320417,0.9988098403335366,0.9980042359025751,0.9897793920800042,0.9987190078557133,0.9979289781155888,0.9896570722251559,0.998273598350545,0.9974539721183125,0.9896564600725581,0.998239946147125,0.9974261936826239,0.9896401795923261,0.9981960209733163,0.9973729879438108,0.9883634543458206,0.9985223591270278,0.9985213610156735,0.9880706508744199,0.9983253097540619,0.9984169181528224,0.9883119783383613,0.9985224106128587,0.9984615208866271,0.9886901154729496,0.9987192080501008,0.9986562558044114,0.9886888405815191,0.9986910821118854,0.998625970808284,0.9875963262431967,0.998010688507546,0.9981699826830372,0.9875864690870214,0.9980107086088215,0.9981588406585932,0.9875945925678011,0.9979155040348295,0.9980913397998987,0.9868654758987091,0.997667778875116,0.997904532029643,0.9867953526380653,0.9976678691863261,0.9978416564484305,0.986836288549234,0.9976677989695092,0.9978715348857021,0.9900095396895972,0.999138640208006,0.9989044340816511,0.9893095778229152,0.9989243995480869,0.9989926847020576,0.9876220951744124,0.9980487827202765,0.9982302778113848,0.9871667343431297,0.997755539339441,0.9980921643827081,0.9869736929224396,0.9976674352391318,0.9980007138015883,0.989225355086616,0.9988436691074822,0.9989120722048015,0.9892232850275623,0.998853298783635,0.9989951653595891,0.9958468231598792,1.0026152083058515,1.0038363559819792,16.0
0.9999974796615203,0.9999985074014212,0.9999986737201803,0.9834507911722361,0.9902177775386974,0.991409628118494,0.9924067582273286,1.0008167050559629,1.0011145774118866,0.990890639750906,0.9999311551836513,0.9998547068284376,0.9908602754944712,0.9997004732957698,0.9996616830804769,0.990472669564611,0.9996656295506936,0.9993589794419946,0.9896080747476564,0.9992199113941241,0.9991711299258371,0.9893228662266866,0.9990305496690329,0.9989948160093299,0.9887750209607371,0.9988240859011912,0.998693898937395,0.9900934482918095,0.9992818445100463,0.998839416289427,0.9900626569002237,0.9992532741546052,0.998838166464258,0.9896635294712212,0.9988673914762385,0.998044462619276,0.9908419976893331,0.9995157382137287,0.9995140751162683,0.9908556399024343,0.9997005022903198,0.9996564465698278,0.9896588702827761,0.9987677620902142,0.9979399059590431,0.9896564040263294,0.9986758476688621,0.9978637507480353,0.9895344158045268,0.9982261119640913,0.9973858872503744,0.9895337868192937,0.9981918427733505,0.9973575972749649,0.9895175575431367,0.9981477730832525,0.9973043331748057,0.9882469036999767,0.9984961325513914,0.9984660950637381,0.9879556194262603,0.9983000058803229,0.9983623921759457,0.9881959344023592,0.998496184035869,0.9984068419286803,0.9885717110541601,0.9986920587090433,0.9985999488287535,0.9885703854173561,0.998662970727261,0.9985686274373097,0.9874868060676715,0.9979877954663227,0.9981198791379676,0.9874779046846222,0.9979878155671372,0.9981098171150494,0.9874851000306465,0.9978936212849276,0.9980420733425,0.9867528982550094,0.997646767931033,0.9978487013302896,0.9866823152571755,0.9976468582403384,0.9977854158201719,0.9867234729963665,0.9976467880250032,0.9978154342209393,0.9898835154288738,0.999101853683121,0.9988435467825888,0.9891882452724465,0.9988983533859519,0.9989348837531483,0.9875100787858122,0.9980254792535187,0.9981770262207826,0.9870554476849028,0.9977342656873905,0.9980377157993551,0.9868618881909421,0.9976464243022974,0.9979455676938944,0.9891042949925011,0.9988178841930042,0.9988545310964458,0.9891021685788035,0.9988274258047793,0.9989373587924395,0.9957314177573837,1.002587881601099,1.0037927506539097,17.0
0.9999974627601674,0.9999985111340222,0.9999986690161217,0.9833395909966621,0.990242223442886,0.9913807309286204,0.9922777798959682,1.0008447616182419,1.0010711704450246,0.9907638289184264,0.9999663840310745,0.9998124724249411,0.9907336255624959,0.999736157001808,0.9996201406202014,0.9903466004143546,0.9997037545846506,0.9993175564499015,0.9894835388688722,0.9992603026278403,0.9991278231668588,0.9891987999720396,0.9990711914476524,0.9989509628549015,0.9886533264994947,0.9988685696708717,0.9986500769084131,0.9899686135591846,0.9993241528888802,0.9987993097432616,0.9899384358742715,0.9992961182274854,0.9987980583186209,0.9895375193563574,0.9989127829791472,0.9980064448723908,0.9907152997774729,0.9995517857714536,0.9994728868990193,0.9907291225128905,0.9997361859973913,0.9996150535587423,0.9895328538602617,0.9988130113828224,0.9979017422562722,0.9895303844744304,0.9987209682896918,0.9978254799694812,0.9894087739698142,0.9982789366152921,0.9973542213025772,0.9894081443756174,0.9982446413729882,0.9973259095061908,0.9893919638530898,0.9982015712912191,0.9972734989156488,0.9881277802405763,0.9985439343412124,0.9984216866018528,0.9878381420987787,0.9983497614231799,0.9983175902527505,0.9880767083393099,0.9985439858281467,0.9983623110447356,0.9884510101694625,0.9987379065288179,0.9985559961302786,0.9884497074090007,0.9987092466938382,0.9985251373526801,0.9873709150306664,0.9980411012297782,0.9980725603960198,0.9873614295714205,0.9980411213316629,0.9980618376765056,0.9873692014777165,0.9979466394409883,0.9979945161854,0.986645289337551,0.9977053690381558,0.9978044402347142,0.9865739880373402,0.9977054593527436,0.9977405139350498,0.9866167843727291,0.997705389133303,0.9977722121049325,0.9897632636460275,0.9991480442114447,0.9988033243363811,0.9890643654137967,0.9989392278214498,0.9988906184327121,0.9873957095033297,0.998078901828829,0.9981315221874586,0.9869459773859219,0.9977919519384997,0.997992665744906,0.9867537897791362,0.9977050253893212,0.9979008892882836,0.9889799111925974,0.998858275421984,0.9988097816870091,0.9889791218925239,0.9988689811977801,0.9988930706318031,0.9956187689407934,1.0026126466864709,1.0037634426478297,18.0
0.9999974772998134,0.999998510850166,0.999998671641328,0.9834351744845439,0.9902403087555343,0.9913962883284186,0.9923902071067805,1.0008423281294148,1.0010974800008692,0.9908821922423684,0.9999678146516165,0.9998413745193317,0.9908520024158727,0.9997379182994689,0.9996491729287722,0.9904655735908469,0.9997058489803907,0.9993473122748351,0.9896090090841223,0.9992658683963274,0.9991585926143908,0.989323897860561,0.9990765803720757,0.9989812592290406,0.9887864933099244,0.9988779114410449,0.9986836586957797,0.9900881510545105,0.9993272060249784,0.9988300180638808,0.9900580499911815,0.9992992271449834,0.9988287556671951,0.9896575449633226,0.9989169474718053,0.9980386961839559,0.9908337517224468,0.999553811608209,0.9995020956030495,0.99084745114935,0.9997379472951042,0.9996440316672838,0.9896528606753441,0.9988168108110509,0.9979336088133386,0.9896503819361746,0.9987244305482582,0.9978570684321119,0.9895286469444671,0.9982867119731654,0.9973891882150887,0.9895280653152896,0.9982541754509324,0.9973623341829059,0.989511809331266,0.9982095398982788,0.9973085897311733,0.9882661243594725,0.9985566674267454,0.9984565168579769,0.9879794715744715,0.9983646270961638,0.9983530545747945,0.9882153581399212,0.9985567189143296,0.9983974997260946,0.9885861658527814,0.9987485068061128,0.998590008577849,0.9885848511837498,0.998719623151876,0.9985589080844547,0.9875155034365438,0.9980593215828704,0.9981070663034971,0.9875053477449358,0.9980593416851194,0.998095586519458,0.9875137807083695,0.9979645234993582,0.9980287452129437,0.9868030329278421,0.9977277398954063,0.9978474182500542,0.986731324240835,0.9977278302120001,0.9977831247376516,0.9867764383389993,0.9977277599910013,0.9978173515642034,0.9898835497598157,0.9991517264088545,0.9988340012306917,0.989189333766858,0.9989445062458804,0.9989207468520928,0.9875420441839207,0.9980972587939786,0.9981681089152584,0.9870995771165418,0.9978143832228692,0.9980319756674773,0.9869094303161166,0.9977273962389377,0.9979420344854273,0.9891046621589935,0.9988633454956358,0.9988397033919968,0.9891039914687837,0.998874183128127,0.9989232012779872,0.9957156038641739,1.002610705860872,1.0037792307324536,19.0
0.9999974768297316,0.9999985081081325,0.9999986806600608,0.9834326330938652,0.9902215814585075,0.9914553930020958,0.9923848540470548,1.0008242536764118,1.001166626726311,0.9908821354629834,0.999954646309328,0.999914307841097,0.9908521327532066,0.9997259181079321,0.9997227217057795,0.9904667010338003,0.9996940919292762,0.9994219501536266,0.989614122261036,0.9992566725058076,0.9992328898369051,0.989328041606224,0.9990667904109405,0.9990550412426518,0.9887983504031593,0.9988731776466749,0.9987600896269723,0.9900906110861785,0.9993174873998267,0.9989067938627664,0.9900606728801506,0.9992896242470303,0.9989055071691652,0.9896612412737467,0.9989096090741032,0.9981189306888792,0.9908341418414534,0.9995427459248559,0.9995762610805616,0.9908474989201499,0.9997259471032193,0.9997174870885372,0.9896565098023562,0.9988085516038604,0.998012873723255,0.989654007630527,0.998715324375991,0.9979356286139555,0.9895318171512244,0.9982875514033976,0.9974753401668366,0.9895312055610994,0.998253920764626,0.9974475784993985,0.9895149156492173,0.9982116186595722,0.9973956565197324,0.9882819035187962,0.9985558436965289,0.9985331631427015,0.9879973662109087,0.99836622600092,0.9984295831793655,0.9882315889065784,0.9985558951840654,0.9984746703365741,0.9885995305596892,0.9987452602284194,0.9986665041981003,0.9885982114037405,0.9987162950763333,0.9986353151713439,0.9875353227260746,0.9980645877499846,0.9981826223595268,0.9875248009103116,0.9980646078523381,0.9981707286067114,0.9875336211945094,0.9979705747849079,0.998104950269304,0.9868287237678913,0.997735886135617,0.9979252361932961,0.9867571409233497,0.9977359764529337,0.9978610519604908,0.9868024237871054,0.9977359062313743,0.9978955022756881,0.9898871874317211,0.9991429845813918,0.9989107232142045,0.9891930540883269,0.9989342921701585,0.9989944095269451,0.9875628067875635,0.9981022059977513,0.9982444775708436,0.9871246524547462,0.9978229572282918,0.99810887641844,0.9869346081766806,0.997735542476398,0.9980194047556282,0.9891082050515503,0.9988529625023109,0.9989131968279622,0.9891073817980011,0.9988636978950312,0.9989968732939248,0.9957130206219571,1.0025917504012969,1.0038391107816462,20.0
0.9999974774302608,0.9999985065147879,0.9999986846573131,0.9834367969283679,0.9902108231185108,0.9914815107248681,0.9923886020867514,1.0008133457843393,1.0011976883004188,0.9908900451813419,0.9999447077557311,0.999950307095117,0.9908609142661571,0.9997167545312554,0.9997602415800729,0.9904745682658997,0.999684855092886,0.9994590745262694,0.9896267551940544,0.9992468835496078,0.9992722094726157,0.9893406074121106,0.9990563702782715,0.9990942593998479,0.9888149118697158,0.9988644739442778,0.9988032935096759,0.990097725017201,0.9993092639700746,0.998944940845163,0.9900676820399811,0.9992812658063499,0.9989436167437112,0.9896677253393064,0.9989037359855534,0.9981588811173331,0.990842981902836,0.9995342023068313,0.9996142758196646,0.9908567595938464,0.9997167835262761,0.9997555481431922,0.9896629795039026,0.9988024014731943,0.9980525317819011,0.9896604702013923,0.9987089193061808,0.9979750740253164,0.989537928987365,0.9982878414232789,0.9975197806921042,0.9895372995530238,0.9982535589429681,0.9974914783667796,0.989520981752764,0.9982128154133433,0.9974407678467939,0.988301304550185,0.9985476001093125,0.9985787447915221,0.9880186847355565,0.9983580807346091,0.9984765910291645,0.9882507179509694,0.998547651596424,0.9985199357792385,0.988617193888705,0.9987369182961235,0.9987108217437485,0.988615922208567,0.9987088540396756,0.9986806031817732,0.987562037126364,0.9980555664164804,0.998234995070351,0.9875525674480522,0.9980555865186518,0.998224290587052,0.9875603142933966,0.9979607815427616,0.9981566813497685,0.9868533489216434,0.9977261197327835,0.997976300852539,0.9867821898757915,0.9977262100492152,0.9979124940785854,0.9868270759526019,0.997726139828344,0.9979465974494551,0.9898940064012169,0.9991344674253203,0.9989488382650444,0.9892051730466969,0.9989234663114925,0.9990331213539081,0.9875867942151031,0.9980934982632971,0.9982940188297308,0.9871489460660402,0.9978138025093521,0.9981590934867147,0.9869587738156537,0.99772577607693,0.998070061164266,0.9891196618926236,0.9988415025331902,0.9989512754300763,0.9891193577209099,0.9988527550072471,0.9990355891120928,0.9957172346971757,1.0025808584785234,1.003865572857468,21.0
0.9999974763317292,0.9999985061643624,0.9999986858243264,0.9834297303729393,0.9902083166243589,0.9914892929908206,0.9923799582660255,1.0008110274041182,1.001206227639639,0.9908803905948366,0.9999454922880618,0.9999583067689195,0.9908511950894823,0.9997157937403718,0.999766722636844,0.9904638717723943,0.9996859767337012,0.999466760759729,0.9896178065278123,0.9992525718600785,0.9992813979395448,0.9893307623277918,0.99906094789528,0.9991029565601957,0.988808764709462,0.9988768293516881,0.9988138284559341,0.9900870266508325,0.9993108724484068,0.9989534915782503,0.9900569274899643,0.9992828710021541,0.9989522077248357,0.98965729876909,0.9989061705788587,0.9981684993596859,0.9908332288713013,0.9995318453268603,0.9996195623678881,0.9908470270556589,0.99971582273536,0.9997620140763309,0.9896525893342915,0.9988055576340331,0.9980629075897667,0.9896500981247837,0.9987127392256085,0.997985999387227,0.9895286431068945,0.9982899690579853,0.9975304417376619,0.9895279842635091,0.998254609293297,0.9975012465220355,0.9895118492900952,0.998215073109775,0.9974517059290929,0.9882963225456514,0.9985648615705801,0.9985884431573334,0.9880151285959795,0.998378025767257,0.9984860681543497,0.9882446371738299,0.9985649130585867,0.9985283563596449,0.9886115126506552,0.9987514960237378,0.9987213962903976,0.9886103273640114,0.998725066522375,0.9986929397162339,0.987559053451159,0.9980799250353096,0.998245158964771,0.9875494832082753,0.9980799451379758,0.9982343407264668,0.9875574340805696,0.9979889256142855,0.9981699848216387,0.9868492375684237,0.9977506937534747,0.997982697600237,0.9867776198853935,0.9977507840721404,0.9979184795930811,0.9868226707185104,0.9977507138495336,0.9979526617276286,0.9898833431543311,0.9991361495714846,0.9989574266975839,0.989194539257014,0.9989272917207498,0.9990412637370139,0.9875840299836491,0.998116318999209,0.9983032029583667,0.9871470727296088,0.9978389489135805,0.9981669602042474,0.9869555073351723,0.9977503500891228,0.9980772075190704,0.989108283156694,0.9988446139761795,0.9989587046707167,0.9891088240579573,0.998856662527786,0.9990437287415832,0.9957100744237648,1.0025783219204552,1.0038734553665827,22.0
0.9999974779412857,0.9999985023560256,0.9999986829694945,0.9834405533809057,0.9901835457761439,0.9914702760513209,0.992391395038637,1.000781049637623,1.0011852038499665,0.990890665083057,0.999913832791267,0.9999317318065951,0.9908604385505536,0.9996829110193541,0.9997381512021529,0.9904748119152355,0.9996519238340769,0.9994371769784396,0.9896264792449341,0.9992219184584017,0.9992549976978723,0.9893402606610538,0.9990310066511837,0.9990774716076498,0.988814959224983,0.9988464382288392,0.9987859811297386,0.9901007627931229,0.9992733630026724,0.9989211653574732,0.9900709227017009,0.9992454817280276,0.9989197878243328,0.9896740536900609,0.9988624613073426,0.9981325757479952,0.9908423720909879,0.9994979840723368,0.9995902121435556,0.990855727083257,0.9996829400133906,0.9997328289277347,0.989669322438727,0.9987614193351284,0.9980265328969825,0.989666820385199,0.9986682056230985,0.9979492980131159,0.9895460127046992,0.9982334993009307,0.9974850284883949,0.9895452984485144,0.9981961096966385,0.997454151672892,0.9895293078053344,0.9981572595978737,0.9974053208792035,0.9882988738064543,0.9985345644487905,0.9985578940688562,0.9880154865504357,0.9983477352222431,0.9984538476585125,0.9882471102290071,0.9985346159352441,0.9984977172476709,0.9886163086486048,0.9987211923584484,0.9986925650147681,0.988615136561126,0.9986950130162602,0.998664377959583,0.9875529243834296,0.9980494901527415,0.9982079880314031,0.9875425368694124,0.9980495102547993,0.998196246134705,0.9875513330289662,0.9979595160961611,0.9981336649933302,0.986838045907894,0.9977193879683721,0.9979416764914233,0.9867659665242136,0.997719478284222,0.9978770457153332,0.9868104067088407,0.9977194080638043,0.9979104286124867,0.9898991955466936,0.9991003322083424,0.9989249523379526,0.9892045407900094,0.9988978126977341,0.9990163068151993,0.9875800144803901,0.9980854675722239,0.9982680877748271,0.9871391938768627,0.9978071963981637,0.9981292551976062,0.9869461859446041,0.9977190443147343,0.9980378329087198,0.9891189778119265,0.9988157991076733,0.9989344115082384,0.9891189637535658,0.9988272979331112,0.9990187677797323,0.9957210333175016,1.002553220226822,1.0038541934998122,23.0
0.9999974651843956,0.9999985012265646,0.9999986803227182,0.9833569118366707,0.9901761140582244,0.9914542876188288,0.9922924647844863,1.0007725317570582,1.0011595462121679,0.9907914158739459,0.9999050323928478,0.9999028859757969,0.9907601532988991,0.9996726752874762,0.9997072032777938,0.9903741970233525,0.999641787393017,0.9994068339957213,0.9895302851242048,0.999215604220921,0.9992263389335571,0.9892448232199216,0.9990254296812604,0.9990490423156129,0.9887210640358999,0.9988411131618717,0.9987572619191493,0.9899977849685906,0.9992612967670824,0.998888321051715,0.9899677147852572,0.9992332515304178,0.9988869774735482,0.989568586359749,0.9988484986584422,0.9980956453605613,0.9907419489398102,0.9994866001173037,0.9995583633166893,0.9907549236478983,0.9996727042812162,0.9997012955207116,0.989563862212824,0.9987475915486344,0.9979897452977496,0.9895613637025553,0.9986545030213637,0.9979126131408423,0.9894395075557093,0.9982148396638383,0.9974431695331112,0.9894387020272648,0.9981741045957411,0.9974095200975504,0.9894226817257394,0.998138515595469,0.9973632569871627,0.9882068688415617,0.9985307123468476,0.9985296700313487,0.9879247390817141,0.9983450263925444,0.9984262576911151,0.9881549823859813,0.9985307638331006,0.998469348314811,0.9885231279700198,0.9987161969359369,0.9986637810214646,0.9885218949324591,0.9986888627094379,0.998634349650545,0.9874630883796843,0.9980484648672053,0.9981821870535792,0.9874526468890699,0.9980484849692434,0.9981703837809266,0.9874615599033911,0.9979607912032457,0.9981097710547122,0.9867525978851652,0.997717840735026,0.9979186180315107,0.986680370726729,0.997717931050734,0.9978538559421606,0.9867258884032747,0.9977178608304272,0.9978884203186663,0.9897943799719341,0.999086739047167,0.998892189472244,0.9891096296185146,0.9988927528159837,0.9989880892547189,0.9874902933296527,0.9980835077359655,0.9982416716229827,0.9870514627477274,0.997805509064316,0.9981043277216494,0.9868596649281253,0.9977174970819269,0.9980138366794381,0.9890243649858248,0.9988110253183377,0.9989064785899062,0.9890251010683495,0.9988230983063403,0.9989905210714478,0.9956362943356092,1.0025456915277873,1.0038379727149451,24.0
0.9999974657525311,0.9999984959814232,0.9999986831548097,0.98336106704009,0.9901415186707995,0.9914727319261705,0.9922946542625409,1.0007334773757055,1.0011818538181285,0.9907923722095706,0.9998625281907169,0.9999284495829658,0.9907615950846524,0.9996311036992759,0.9997341993958805,0.9903727342491955,0.9995977521570472,0.9994315157601729,0.9895328944956305,0.9991706664587422,0.9992564287464605,0.9892486689997619,0.998980972279431,0.9990807594847964,0.9887220958978096,0.9987938477923488,0.9987898129415346,0.989992956247081,0.9992150498409761,0.9989118454403323,0.9899622724454944,0.9991866161634223,0.998910632559518,0.989561631493851,0.9988014627825375,0.9981164993351974,0.9907433589290293,0.9994457745848445,0.9995860307455308,0.990756680547405,0.9996311326918105,0.9997286475835295,0.9895568159034458,0.9986987566936111,0.9980087078996982,0.9895542719625607,0.9986040132347878,0.997930202644353,0.9894327081891626,0.9981714481446409,0.9974670935015932,0.989431821543716,0.9981277449067255,0.9974309837471228,0.9894159154467712,0.9980960680461762,0.9973879697279089,0.9882062927851445,0.9984811737922168,0.9985638822351901,0.9879229105564368,0.998293990568759,0.9984611541837146,0.9881547959690334,0.9984812252759238,0.9985040135912568,0.9885235465320764,0.9986681558537006,0.998697077149053,0.9885223387163413,0.9986413025576905,0.9986681633836606,0.9874571711661522,0.9979952893073144,0.9982170199890268,0.9874460868162498,0.997995309408286,0.9982044900030389,0.9874556922726041,0.9979094424493076,0.9981461171643291,0.986748240758166,0.9976596282618467,0.9979584692465963,0.9866760274875275,0.9976597185723091,0.9978937166873377,0.986722374359113,0.9976596483560795,0.9979292246325993,0.9897858431310492,0.9990374916203019,0.9989159343991111,0.9891138127908142,0.9988485918170575,0.9990202846349163,0.9874860274363767,0.9980295900537455,0.9982777792327718,0.987045379511341,0.9977478347875969,0.9981421931461937,0.9868541860843932,0.9976592846287082,0.9980527086694543,0.9890291673243375,0.99876745893164,0.9989392677285915,0.9890294849650679,0.9987791034903684,0.9990227107091437,0.9956404931134603,1.0025106475445889,1.0038566618423064,25.0
0.9999974609580321,0.9999984875998351,0.9999986874330068,0.9833302104526371,0.9900862458264486,0.9915011869077022,0.9922539900699829,1.0006715265016388,1.001213215132017,0.9907479702768803,0.9997934027889276,0.9999628125496803,0.9907180650168311,0.9995651789106377,0.9997722541025675,0.9903291067829912,0.9995279737942464,0.9994669778258126,0.9894804215276344,0.9990910766362123,0.9992896021897049,0.9891957001460495,0.9989011671638846,0.9991131747645551,0.988660968899186,0.9987050024858758,0.9988231252024712,0.989948258615546,0.9991443282564986,0.99894698633878,0.9899173363434993,0.9991158195532323,0.9989458897071325,0.9895164622976492,0.9987299260260015,0.9981503813777372,0.9906998626606113,0.9993824101688703,0.9996262889405593,0.9907136482495652,0.9995652079012631,0.9997672644350459,0.989511621338298,0.9986267353182101,0.9980420776525384,0.9895090648173633,0.9985315458588437,0.9979631995130464,0.9893870771990523,0.9980995261206967,0.9975001221506942,0.9893861523491116,0.9980544304247472,0.997462856983928,0.9893702302640662,0.99802431564407,0.9974210694927115,0.9881382692375957,0.9983844624431643,0.99859801009283,0.9878509224265359,0.9981924985083522,0.9984960978498097,0.9880863552527298,0.9983845139218945,0.9985376553425236,0.988459763713492,0.9985762257098991,0.9987306389871545,0.9884585403393941,0.9985490833803721,0.9987014126698772,0.9873799568853399,0.997887823877402,0.9982529315740698,0.9873687186971978,0.9978878439762133,0.9982402273905625,0.9873784864909408,0.9978023082368717,0.9981822994195488,0.9866657446958081,0.9975407827981623,0.997999719743147,0.9865931849454287,0.9975408730979002,0.9979346523561181,0.9866412204992077,0.9975408028900055,0.9979719918719773,0.9897395895965175,0.998965585811646,0.9989512298231427,0.9890606945977146,0.9987686586919146,0.9990524299061078,0.9874092097252637,0.9979219901262524,0.9983140337469933,0.9869640615022375,0.9976331715566552,0.9981807736759836,0.9867702731721566,0.9975404392058304,0.998092730827281,0.988975700948075,0.9986871936403391,0.9989710807429577,0.988975808591315,0.9986987093535554,0.99905487183187,0.9956092150307811,1.002454660125078,1.0038854845677554,26.0
0.999997458131902,0.9999984870986046,0.9999986857490535,0.9833116661604493,0.9900830150413942,0.9914904063755141,0.9922322006952662,1.0006674566667983,1.0011991895125658,0.9907302846608684,0.9997895072058401,0.9999507344839605,0.9907004743308692,0.9995627841010547,0.9997615232016605,0.9903144855013061,0.9995230390004481,0.9994566163964751,0.9894620291866486,0.9990879076616408,0.9992766592646686,0.9891774360608638,0.9988975038349275,0.9991002977695076,0.9886419366811827,0.9987031548949834,0.9988092272356905,0.989934164361415,0.9991378925374543,0.9989356902249715,0.9899032242234701,0.9991093589712223,0.9989345856701726,0.9895032693875163,0.9987213257754732,0.998137696200125,0.9906823021716031,0.9993812159194835,0.9996165839407344,0.9906960918760078,0.9995628130916142,0.9997565722688536,0.9894984761965375,0.9986190800648035,0.9980303850057533,0.9894959434158311,0.9985247597453419,0.9979522272325462,0.9893732902907261,0.9980831652071218,0.9974805710282806,0.9893723423084748,0.9980372219644686,0.9974426035635412,0.9893563695398176,0.9980070763868777,0.9974007339622674,0.9881195032060742,0.9983831149226454,0.9985833380942609,0.9878321467473093,0.9981912105187277,0.9984805377157193,0.9880678316914266,0.9983831664013099,0.9985232649426035,0.9884408470067567,0.998574818566146,0.9987167107399775,0.9884396875824687,0.9985488856748989,0.9986887881293267,0.9873585947565742,0.997883851541944,0.9982333103997564,0.9873468782296838,0.9978838716406738,0.9982200654557614,0.9873570293824234,0.9977948582627462,0.9981597938598011,0.9866459612104665,0.997538095643199,0.9979830286392263,0.9865730661223461,0.9975381859426932,0.997917661207729,0.9866217811338683,0.9975381157349882,0.997955689730126,0.9897252211022399,0.9989589080710343,0.998939933303965,0.989042081222118,0.9987646821739156,0.9990391214142049,0.9873891299034263,0.9979194306086361,0.9982969904019251,0.9869436194287402,0.9976300414512774,0.9981639131566956,0.986750373092924,0.9975377520517955,0.9980759437804543,0.9889565255363384,0.9986826782061493,0.9989572341288893,0.9889574972542012,0.9986949809586356,0.9990415548901665,0.9955904277869677,1.0024513854234,1.00387455815592,27.0
0.9999974452919551,0.9999984940281298,0.9999986866842144,0.9832269401118571,0.9901282059793932,0.9914980943861241,0.9921351654186331,1.0007213779530097,1.0012005264125026,0.9906300249982054,0.9998474140843175,0.9999512236182923,0.9906013752731881,0.9996238347549284,0.9997658911668339,0.9902127743143676,0.9995806250099974,0.9994558873779387,0.9893588079071722,0.999150080425288,0.999274013815215,0.9890727770829458,0.9989579210822024,0.999097079503097,0.9885392353471883,0.998771917597682,0.9988036779387646,0.9898314410567155,0.9991950150376951,0.9989341543885117,0.989800420307442,0.9991664417498067,0.9989330782496777,0.9893993862772639,0.9987780221724591,0.9981347294832197,0.9905832783609346,0.9994447814592294,0.9996230911793087,0.9905976327568043,0.999623863747262,0.9997616628254401,0.9893945922243546,0.9986757454820904,0.9980273884312715,0.9893920590212185,0.9985813986969061,0.9979492076299443,0.9892707782222646,0.9981390069044711,0.9974784755155781,0.9892697882701419,0.9980915218699105,0.9974392297752053,0.9892540429290104,0.9980630500428066,0.997398953983411,0.9880188645984843,0.9984568295758758,0.9985759045316096,0.9877329331014443,0.9982676803237037,0.998471784919239,0.9879669355423932,0.9984568810583422,0.9985155284197894,0.9883389545616209,0.9986457777729741,0.9987107513968164,0.9883378705221137,0.998621267527382,0.998684363081437,0.9872591081996269,0.9979636667823812,0.9982204551598887,0.9872468042399938,0.9979636868827191,0.9982065454559712,0.9872575323659508,0.9978742795159445,0.9981466114929717,0.9865552691545603,0.9976246325372872,0.9979725194079336,0.9864820795755137,0.997624722844606,0.9979068902003934,0.9865315139916716,0.9976246526308195,0.9979456595384446,0.989621625165768,0.9990153134015822,0.9989384501701666,0.988936178918255,0.9988238951310726,0.9990351629361914,0.9872911750231744,0.9979994058630381,0.9982859964601378,0.9868500410834719,0.9977141227023868,0.9981530754589115,0.9866594183370772,0.9976242889161089,0.9980652082672177,0.9888496155854788,0.9987409254171604,0.9989523094615389,0.9888515358005638,0.9987541403580247,0.9990375987236537,0.995504603769808,1.0024971762596009,1.0038823211005645,28.0
0.9999974433942126,0.999998493718784,0.9999986870795902,0.9832145416508644,0.990126125669958,0.9915008678200579,0.9921203370253916,1.0007192921311794,1.0012027534052446,0.990613451673231,0.9998438135180798,0.9999515893128432,0.990585902525773,0.999621261569749,0.9997679809168094,0.9901942813631164,0.9995735049314423,0.9994546083562197,0.9893412302540655,0.9991492853002331,0.9992736600453548,0.9890550504524407,0.9989566976440599,0.9990971654409102,0.9885215120633388,0.9987745921794495,0.9988016311843516,0.9898117901364375,0.9991828112052029,0.9989319147140236,0.9897799767526113,0.9991536148668728,0.9989309024598115,0.989381912451767,0.9987619822957521,0.9981305332439351,0.9905679829124773,0.9994430301599357,0.9996257658369032,0.990582687381454,0.9996212905620112,0.9997643482827726,0.989377114108042,0.9986596224522867,0.9980231045288774,0.98937457877732,0.9985651992260848,0.9979448599212707,0.9892538999704599,0.998114525702872,0.9974682120357041,0.9892528254867384,0.9980639444985279,0.997426400279259,0.9892372557045348,0.9980379567706403,0.9973883046031713,0.9880024117931859,0.998461974461612,0.9985730616282772,0.987717493450516,0.9982741388588143,0.998468448139721,0.9879501164558315,0.9984620259443496,0.9985122592086778,0.988321730865943,0.9986496088621065,0.9987086208328415,0.988320699998796,0.9986261045760817,0.9986833168208448,0.9872435265207294,0.9979705698979311,0.9982154450003803,0.9872310249463061,0.9979705899984098,0.9982013117929464,0.9872419260178303,0.9978802782973799,0.9981408511889963,0.9865433863682511,0.997634031136297,0.9979692776273197,0.9864701565802223,0.9976341214444716,0.9979036127557201,0.986519901291082,0.9976340512300208,0.9979427229859825,0.9895958982151075,0.9989980203551074,0.9989364282896251,0.9889181479133078,0.9988223553510341,0.9990352625851253,0.9872761171871606,0.9980066763668842,0.9982818721758384,0.9868365975578117,0.9977225505299033,0.9981493328254896,0.9866472210717777,0.9976336875118635,0.9980616913917553,0.9888315812009647,0.998739382776414,0.9989524059559748,0.9888328891945952,0.9987520924416675,0.9990377158261573,0.9954920420612741,1.0024950702327935,1.0038851276004206,29.0
0.9999974630286519,0.9999984931848508,0.9999986895008922,0.9833434969963841,0.9901227710294583,0.9915144962998116,0.9922720279617242,1.0007145918862865,1.0012295903254627,0.9907669092489332,0.9998387676021008,0.9999761716844904,0.9907395677759788,0.9996165578338736,0.9997928006077726,0.9903477167802398,0.9995665302010805,0.999477551102799,0.989496768876659,0.9991459958795313,0.9992982710247791,0.9892106281026825,0.9989538635617387,0.9991204823673582,0.9886796024241399,0.9987719476899531,0.9988281235766875,0.9899644010458534,0.9991730506812112,0.9989517894464541,0.9899325204715687,0.9991438977190289,0.9989508646468502,0.9895335821298789,0.9987477905016718,0.9981451234751781,0.9907217759308448,0.9994386001736928,0.999650731710339,0.9907363813891795,0.9996165868260029,0.9997892007072495,0.9895287779236647,0.9986453234563992,0.9980375804304564,0.9895262396599999,0.9985507995359069,0.997959254684954,0.9894060126133947,0.9980905993053683,0.9974755427573128,0.9894048558005972,0.9980370037995545,0.9974312344340049,0.9893894391017011,0.9980132367076077,0.9973950829928825,0.9881631952664559,0.9984597346030645,0.9986014418881934,0.9878800331040585,0.9982720886306363,0.9984980169162085,0.9881107442319144,0.9984597860856897,0.9985404625018317,0.98848086015778,0.9986471793327287,0.9987359032190455,0.9884798444865179,0.9986239642413182,0.9987109103568679,0.9874127245661202,0.9979706001498176,0.99824864801256,0.9874008686564935,0.9979706202502976,0.9982352455450892,0.9874111044476847,0.9978795920293813,0.9981734620689681,0.9867165840425917,0.9976372627029809,0.998003216150647,0.9866434891223228,0.997637353011449,0.9979376703166645,0.9866936088604633,0.9976372827967708,0.9979772397530989,0.9897478827881149,0.9989878378905522,0.9989564054292486,0.9890740463453614,0.9988199036628923,0.9990581677665314,0.9874436443310043,0.9980069977104358,0.9983134157950941,0.9870081712460029,0.9977257630905816,0.9981818581870219,0.9868196131032261,0.997636919077431,0.9980949223560797,0.9889869881071988,0.9987364594403128,0.9989748421458158,0.9889899051059565,0.9987505679599021,0.999060588753257,0.9956226857051731,1.002491667721573,1.0038989706011918,30.0
